,RM,LSTAT,CRIM,ZN,INDUS,CHAS,NOX,AGE,DIS,RAD,TAX,PTRATIO,B,Prices
0,7.42,6.47,0.07503,33.0,2.18,0.0,0.472,71.9,3.0992,7.0,222.0,18.4,396.9,33.4
1,6.715,10.16,0.10084,0.0,10.01,0.0,0.547,81.6,2.6775,6.0,432.0,17.8,395.59,22.8
2,6.006,15.7,7.02259,0.0,18.1,0.0,0.718,95.3,1.8746,24.0,666.0,20.2,319.98,14.2
3,6.25,5.5,1.27346,0.0,19.58,1.0,0.605,92.6,1.7984,5.0,403.0,14.7,338.92,27.0
4,5.453,30.59,38.3518,0.0,18.1,0.0,0.693,100.0,1.4896,24.0,666.0,20.2,396.9,5.0
5,6.395,13.27,3.8497,0.0,18.1,1.0,0.77,91.0,2.5052,24.0,666.0,20.2,391.34,21.7
6,5.987,26.77,25.0461,0.0,18.1,0.0,0.693,100.0,1.5888,24.0,666.0,20.2,396.9,5.6
7,5.896,24.39,15.8603,0.0,18.1,0.0,0.679,95.4,1.9096,24.0,666.0,20.2,7.68,8.3
8,5.85,8.77,0.08014,0.0,5.96,0.0,0.499,41.5,3.9342,5.0,279.0,19.2,396.9,21.0
9,5.877,12.14,1.80028,0.0,19.58,0.0,0.605,79.2,2.4259,5.0,403.0,14.7,227.61,23.8
10,6.24,6.59,0.16211,20.0,6.96,0.0,0.464,16.3,4.429,3.0,223.0,18.6,396.9,25.2
11,5.701,18.35,1.15172,0.0,8.14,0.0,0.538,95.0,3.7872,4.0,307.0,21.0,358.77,13.1
12,5.597,21.45,2.73397,0.0,19.58,0.0,0.871,94.9,1.5257,5.0,403.0,14.7,351.85,15.4
13,6.312,6.15,0.30347,0.0,7.38,0.0,0.493,28.9,5.4159,5.0,287.0,19.6,396.9,23.0
14,6.794,6.48,0.10959,0.0,11.93,0.0,0.573,89.3,2.3889,1.0,273.0,21.0,393.45,22.0
15,6.096,20.34,1.61282,0.0,8.14,0.0,0.538,96.9,3.7598,4.0,307.0,21.0,248.31,13.5
16,6.404,20.31,9.59571,0.0,18.1,0.0,0.693,100.0,1.639,24.0,666.0,20.2,376.11,12.1
17,6.153,13.15,0.06047,0.0,2.46,0.0,0.488,68.8,3.2797,3.0,193.0,17.8,387.11,29.6
18,6.54,8.65,0.02498,0.0,1.89,0.0,0.518,59.7,6.2669,1.0,422.0,15.9,389.96,16.5
19,6.619,7.22,0.04462,25.0,4.86,0.0,0.426,70.4,5.4007,4.0,281.0,19.0,395.63,23.9
20,6.437,14.36,3.56868,0.0,18.1,0.0,0.58,75.0,2.8965,24.0,666.0,20.2,393.37,23.2
21,7.875,2.97,0.01381,80.0,0.46,0.0,0.422,32.0,5.6484,4.0,255.0,14.4,394.23,50.0
22,5.52,24.56,7.99248,0.0,18.1,0.0,0.7,100.0,1.5331,24.0,666.0,20.2,396.9,12.3
23,7.241,5.49,0.01301,35.0,1.52,0.0,0.442,49.3,7.0379,1.0,284.0,15.5,394.74,32.7
24,7.088,7.85,0.00906,90.0,2.97,0.0,0.4,20.8,7.3073,1.0,285.0,15.3,394.72,32.2
25,6.939,5.89,0.02899,40.0,1.25,0.0,0.429,34.5,8.7921,1.0,335.0,19.7,389.85,26.6
26,6.943,4.59,1.22358,0.0,19.58,0.0,0.605,97.4,1.8773,5.0,403.0,14.7,363.43,41.3
27,5.951,17.92,0.11069,0.0,13.89,1.0,0.55,93.8,2.8893,5.0,276.0,16.4,396.9,21.5
28,6.727,9.42,0.14866,0.0,8.56,0.0,0.52,79.9,2.7778,5.0,384.0,20.9,394.76,27.5
29,6.345,4.97,0.06466,70.0,2.24,0.0,0.4,20.1,7.8278,5.0,358.0,14.8,368.24,22.5
30,6.266,7.9,0.26938,0.0,9.9,0.0,0.544,82.8,3.2628,4.0,304.0,18.4,393.39,21.6
31,7.061,7.01,5.73116,0.0,18.1,0.0,0.532,77.0,3.4106,24.0,666.0,20.2,395.28,25.0
32,5.036,25.68,11.5779,0.0,18.1,0.0,0.7,97.0,1.77,24.0,666.0,20.2,396.9,9.7
33,6.782,6.68,0.07875,45.0,3.44,0.0,0.437,41.1,3.7886,5.0,398.0,15.2,393.87,32.0
34,6.29,4.67,0.03584,80.0,3.37,0.0,0.398,17.8,6.6115,4.0,337.0,16.1,396.9,23.5
35,6.251,16.44,9.92485,0.0,18.1,0.0,0.74,96.6,2.198,24.0,666.0,20.2,388.52,12.6
36,6.027,14.33,0.22438,0.0,9.69,0.0,0.585,79.7,2.4982,6.0,391.0,19.2,396.9,16.8
37,6.739,4.69,0.06911,45.0,3.44,0.0,0.437,30.8,6.4798,5.0,398.0,15.2,389.71,30.5
38,6.326,10.97,0.22969,0.0,10.59,0.0,0.489,52.5,4.3549,4.0,277.0,18.6,394.87,24.4
39,5.0,31.99,22.5971,0.0,18.1,0.0,0.7,89.5,1.5184,24.0,666.0,20.2,396.9,7.4
40,7.802,1.92,1.83377,0.0,19.58,1.0,0.605,98.2,2.0407,5.0,403.0,14.7,389.61,50.0
41,6.03,7.88,0.04741,0.0,11.93,0.0,0.573,80.8,2.505,1.0,273.0,21.0,396.9,11.9
42,6.242,10.74,5.82401,0.0,18.1,0.0,0.532,64.7,3.4242,24.0,666.0,20.2,396.9,23.0
43,5.998,8.43,0.04981,21.0,5.64,0.0,0.439,21.4,6.8147,4.0,243.0,16.8,396.9,23.4
44,5.928,15.76,0.17134,0.0,10.01,0.0,0.547,88.2,2.4631,6.0,432.0,17.8,344.91,18.3
45,5.957,20.62,73.5341,0.0,18.1,0.0,0.679,100.0,1.8026,24.0,666.0,20.2,16.45,8.8
46,6.152,26.45,15.1772,0.0,18.1,0.0,0.74,100.0,1.9142,24.0,666.0,20.2,9.32,8.7
47,3.863,13.33,13.5222,0.0,18.1,0.0,0.631,100.0,1.5106,24.0,666.0,20.2,131.42,23.1
48,7.853,3.81,0.0351,95.0,2.68,0.0,0.4161,33.2,5.118,4.0,224.0,14.7,392.78,48.5
49,4.963,14.0,3.69695,0.0,18.1,0.0,0.718,91.4,1.7523,24.0,666.0,20.2,316.03,21.9
50,5.593,12.5,0.20608,22.0,5.86,0.0,0.431,76.5,7.9549,7.0,330.0,19.1,372.49,17.6
51,5.852,29.97,9.91655,0.0,18.1,0.0,0.693,77.8,1.5004,24.0,666.0,20.2,338.16,6.3
52,5.663,8.05,0.04301,80.0,1.91,0.0,0.413,21.9,10.5857,4.0,334.0,22.0,382.8,18.2
53,5.39,20.85,8.15174,0.0,18.1,0.0,0.7,98.9,1.7281,24.0,666.0,20.2,396.9,11.5
54,6.286,8.94,0.09512,0.0,12.83,0.0,0.437,45.0,4.5026,5.0,398.0,18.7,383.23,21.4
55,5.565,17.16,8.79212,0.0,18.1,0.0,0.584,70.6,2.0635,24.0,666.0,20.2,3.65,11.7
56,7.454,3.11,0.01538,90.0,3.75,0.0,0.394,34.2,6.3361,3.0,244.0,15.9,386.34,44.0
57,6.163,11.34,0.11504,0.0,2.89,0.0,0.445,69.6,3.4952,2.0,276.0,18.0,391.83,21.4
58,7.831,4.45,0.05602,0.0,2.46,0.0,0.488,53.6,3.1992,3.0,193.0,17.8,392.63,50.0
59,8.297,7.44,0.57834,20.0,3.97,0.0,0.575,67.0,2.4216,5.0,264.0,13.0,384.54,50.0
60,6.092,17.09,0.22212,0.0,10.01,0.0,0.547,95.4,2.548,6.0,432.0,17.8,396.9,18.7
61,7.185,5.39,0.0837,45.0,3.44,0.0,0.437,38.9,4.5667,5.0,398.0,15.2,396.9,34.9
62,5.741,13.15,0.14932,25.0,5.13,0.0,0.453,66.2,7.2254,8.0,284.0,19.7,395.11,18.7
63,5.599,16.51,0.84054,0.0,8.14,0.0,0.538,85.7,4.4546,4.0,307.0,21.0,303.42,13.9
64,5.602,16.2,0.21977,0.0,6.91,0.0,0.448,62.0,6.0877,3.0,233.0,17.9,396.9,19.4
65,6.066,6.43,1.34284,0.0,19.58,0.0,0.605,100.0,1.7573,5.0,403.0,14.7,353.89,24.3
66,7.765,7.56,0.06588,0.0,2.46,0.0,0.488,83.3,2.741,3.0,193.0,17.8,395.56,39.8
67,5.965,13.83,0.85204,0.0,8.14,0.0,0.538,89.2,4.0123,4.0,307.0,21.0,392.53,19.6
68,6.575,4.98,0.00632,18.0,2.31,0.0,0.538,65.2,4.09,1.0,296.0,15.3,396.9,24.0
69,8.375,3.32,1.51902,0.0,19.58,1.0,0.605,93.9,2.162,5.0,403.0,14.7,388.45,50.0
70,5.949,8.26,0.62976,0.0,8.14,0.0,0.538,61.8,4.7075,4.0,307.0,21.0,396.9,20.4
71,5.872,15.37,0.13058,0.0,10.01,0.0,0.547,73.1,2.4775,6.0,432.0,17.8,338.63,20.4
72,6.202,14.52,37.6619,0.0,18.1,0.0,0.679,78.7,1.8629,24.0,666.0,20.2,18.82,10.9
73,7.007,5.5,0.0566,0.0,3.41,0.0,0.489,86.3,3.4217,2.0,270.0,17.8,396.9,23.6
74,6.103,23.29,7.05042,0.0,18.1,0.0,0.614,85.1,2.0218,24.0,666.0,20.2,2.52,13.4
75,7.267,6.05,0.10469,40.0,6.41,1.0,0.447,49.0,4.7872,4.0,254.0,17.6,389.25,33.2
76,6.176,12.04,0.13158,0.0,10.01,0.0,0.547,72.5,2.7301,6.0,432.0,17.8,393.3,21.2
77,6.249,10.59,0.04294,28.0,15.04,0.0,0.464,77.3,3.615,4.0,270.0,18.2,396.9,20.6
78,6.861,3.33,0.03502,80.0,4.95,0.0,0.411,27.9,5.1167,4.0,245.0,19.2,396.9,28.5
79,6.98,5.04,0.0578,0.0,2.46,0.0,0.488,58.4,2.829,3.0,193.0,17.8,396.9,37.2
80,6.167,12.33,0.1396,0.0,8.56,0.0,0.52,90.0,2.421,5.0,384.0,20.9,392.69,20.1
81,6.879,9.93,0.62356,0.0,6.2,1.0,0.507,77.7,3.2721,8.0,307.0,17.4,390.39,27.5
82,6.019,12.92,0.23912,0.0,9.69,0.0,0.585,65.3,2.4091,6.0,391.0,19.2,396.9,21.2
83,6.376,6.87,0.18159,0.0,7.38,0.0,0.493,54.3,4.5404,5.0,287.0,19.6,396.9,23.1
84,6.208,15.17,13.9134,0.0,18.1,0.0,0.713,95.0,2.2222,24.0,666.0,20.2,100.63,11.7
85,6.415,6.12,0.34109,0.0,7.38,0.0,0.493,40.1,4.7211,5.0,287.0,19.6,396.9,25.0
86,5.807,16.03,0.21719,0.0,10.59,1.0,0.489,53.8,3.6526,4.0,277.0,18.6,390.94,22.4
87,6.474,12.27,0.12802,0.0,8.56,0.0,0.52,97.1,2.4329,5.0,384.0,20.9,395.24,19.8
88,6.657,21.22,14.0507,0.0,18.1,0.0,0.597,100.0,1.5275,24.0,666.0,20.2,35.05,17.2
89,7.135,4.45,0.01778,95.0,1.47,0.0,0.403,13.9,7.6534,3.0,402.0,17.0,384.3,32.9
90,6.209,7.14,0.03871,52.5,5.32,0.0,0.405,31.3,7.3172,6.0,293.0,16.6,396.9,23.2
91,5.786,14.15,0.18836,0.0,6.91,0.0,0.448,33.3,5.1004,3.0,233.0,17.9,396.9,20.0
92,7.82,3.57,0.08187,0.0,2.89,0.0,0.445,36.9,3.4952,2.0,276.0,18.0,393.53,43.8
93,6.229,15.55,0.26363,0.0,8.56,0.0,0.52,91.2,2.5451,5.0,384.0,20.9,391.23,19.4
94,8.704,5.12,0.61154,20.0,3.97,0.0,0.647,86.9,1.801,5.0,264.0,13.0,389.7,50.0
95,6.14,10.27,0.08707,0.0,12.83,0.0,0.437,45.8,4.0905,5.0,398.0,18.7,386.96,20.8
96,4.903,29.29,2.77974,0.0,19.58,0.0,0.871,97.8,1.3459,5.0,403.0,14.7,396.9,11.8
97,5.914,18.33,0.31827,0.0,9.9,0.0,0.544,83.2,3.9986,4.0,304.0,18.4,390.7,17.8
98,6.108,9.16,0.33983,22.0,5.86,0.0,0.431,34.9,8.0555,7.0,330.0,19.1,390.18,24.3
99,7.489,1.73,1.46336,0.0,19.58,0.0,0.605,90.8,1.9709,5.0,403.0,14.7,374.43,50.0
100,5.935,6.58,1.05393,0.0,8.14,0.0,0.538,29.3,4.4986,4.0,307.0,21.0,386.85,23.1
101,6.565,9.51,0.04297,52.5,5.32,0.0,0.405,22.9,7.3172,6.0,293.0,16.6,371.72,24.8
102,6.041,7.7,0.35114,0.0,7.38,0.0,0.493,49.9,4.7211,5.0,287.0,19.6,396.9,20.4
103,5.404,23.98,0.37578,0.0,10.59,1.0,0.489,88.6,3.665,4.0,277.0,18.6,395.24,19.3
104,6.254,10.45,0.14231,0.0,10.01,0.0,0.547,84.2,2.2565,6.0,432.0,17.8,388.74,18.5
105,6.416,9.04,0.09178,0.0,4.05,0.0,0.51,84.1,2.6463,5.0,296.0,16.6,395.5,23.6
106,6.642,9.69,0.07013,0.0,13.89,0.0,0.55,85.1,3.4211,5.0,276.0,16.4,392.78,28.7
107,6.631,9.54,0.52058,0.0,6.2,1.0,0.507,76.5,4.148,8.0,307.0,17.4,388.45,25.1
108,5.926,13.59,0.27957,0.0,9.69,0.0,0.585,42.6,2.3817,6.0,391.0,19.2,396.9,24.5
109,7.313,13.44,19.6091,0.0,18.1,0.0,0.671,97.9,1.3163,24.0,666.0,20.2,396.9,15.0
110,5.731,13.61,0.14476,0.0,10.01,0.0,0.547,65.2,2.7592,6.0,432.0,17.8,391.5,19.3
111,5.39,21.14,0.2896,0.0,9.69,0.0,0.585,72.9,2.7986,6.0,391.0,19.2,396.9,19.7
112,5.707,12.01,0.17331,0.0,9.69,0.0,0.585,54.0,2.3817,6.0,391.0,19.2,396.9,21.8
113,5.92,13.65,0.09065,20.0,6.96,1.0,0.464,61.5,3.9175,3.0,223.0,18.6,391.34,20.7
114,5.456,11.69,0.80271,0.0,8.14,0.0,0.538,36.6,3.7965,4.0,307.0,21.0,288.99,20.2
115,6.49,5.98,0.06211,40.0,1.25,0.0,0.429,44.4,8.7921,1.0,335.0,19.7,396.9,22.9
116,4.973,12.64,2.63548,0.0,9.9,0.0,0.544,37.8,2.5194,4.0,304.0,18.4,350.45,16.1
117,6.701,16.42,4.81213,0.0,18.1,0.0,0.713,90.0,2.5975,24.0,666.0,20.2,255.23,16.4
118,8.034,2.88,0.02009,95.0,2.68,0.0,0.4161,31.9,5.118,4.0,224.0,14.7,390.55,50.0
119,5.936,16.94,8.20058,0.0,18.1,0.0,0.713,80.3,2.7792,24.0,666.0,20.2,3.5,13.5
120,7.024,1.98,0.03359,75.0,2.95,0.0,0.428,15.8,5.4011,3.0,252.0,18.3,395.62,34.9
121,6.951,9.71,0.35809,0.0,6.2,1.0,0.507,88.5,2.8617,8.0,307.0,17.4,391.7,26.7
122,6.826,4.16,0.06127,40.0,6.41,1.0,0.447,27.6,4.8628,4.0,254.0,17.6,393.45,33.1
123,5.637,18.34,0.88125,0.0,21.89,0.0,0.624,94.7,1.9799,4.0,437.0,21.2,396.9,14.3
124,7.104,8.05,0.01951,17.5,1.38,0.0,0.4161,59.5,9.2229,3.0,216.0,18.6,393.24,33.0
125,5.966,10.13,0.17505,0.0,5.96,0.0,0.499,30.2,3.8473,5.0,279.0,19.2,393.43,24.7
126,6.129,15.12,1.41385,0.0,19.58,1.0,0.871,96.0,1.7494,5.0,403.0,14.7,321.02,17.0
127,5.706,12.43,0.05023,35.0,6.06,0.0,0.4379,28.4,6.6407,1.0,304.0,16.9,394.02,17.1
128,6.193,15.17,8.64476,0.0,18.1,0.0,0.693,92.6,1.7912,24.0,666.0,20.2,396.9,13.8
129,5.713,22.6,1.13081,0.0,8.14,0.0,0.538,94.1,4.233,4.0,307.0,21.0,360.17,12.7
130,7.163,6.36,0.41238,0.0,6.2,0.0,0.504,79.9,3.2157,8.0,307.0,17.4,372.08,31.6
131,6.398,7.79,4.54192,0.0,18.1,0.0,0.77,88.0,2.5182,24.0,666.0,20.2,374.56,25.0
132,6.096,10.26,0.63796,0.0,8.14,0.0,0.538,84.5,4.4619,4.0,307.0,21.0,380.02,18.2
133,7.82,3.76,0.03578,20.0,3.33,0.0,0.4429,64.5,4.6947,5.0,216.0,14.9,387.31,45.4
134,5.782,15.94,0.24522,0.0,9.9,0.0,0.544,71.7,4.0317,4.0,304.0,18.4,396.9,19.8
135,6.121,8.44,0.07151,0.0,4.49,0.0,0.449,56.8,3.7476,3.0,247.0,18.5,395.15,22.2
136,6.63,4.7,0.03615,80.0,4.95,0.0,0.411,23.4,5.1167,4.0,245.0,19.2,396.9,27.9
137,4.368,30.63,20.0849,0.0,18.1,0.0,0.7,91.2,1.4395,24.0,666.0,20.2,285.83,8.8
138,7.014,14.79,0.7857,20.0,3.97,0.0,0.647,84.6,2.1329,5.0,264.0,13.0,384.07,30.7
139,6.333,7.34,0.06724,0.0,3.24,0.0,0.46,17.2,5.2146,4.0,430.0,16.9,375.21,22.6
140,6.63,6.53,0.05735,0.0,4.49,0.0,0.449,56.1,4.4377,3.0,247.0,18.5,392.3,26.6
141,6.606,7.37,0.09252,30.0,4.93,0.0,0.428,42.2,6.1899,6.0,300.0,16.6,383.78,23.3
142,5.631,29.93,0.21124,12.5,7.87,0.0,0.524,100.0,6.0821,5.0,311.0,15.2,386.63,16.5
143,6.728,18.71,9.51363,0.0,18.1,0.0,0.713,94.1,2.4961,24.0,666.0,20.2,6.68,14.9
144,5.536,23.6,9.18702,0.0,18.1,0.0,0.7,100.0,1.5804,24.0,666.0,20.2,396.9,11.3
145,5.888,14.8,0.0136,75.0,4.0,0.0,0.41,47.6,7.3197,3.0,469.0,21.1,396.9,18.9
146,6.453,8.23,0.01096,55.0,2.25,0.0,0.389,31.9,7.3073,1.0,300.0,15.3,394.72,22.0
147,5.683,22.98,67.9208,0.0,18.1,0.0,0.693,100.0,1.4254,24.0,666.0,20.2,384.97,5.0
148,6.195,13.0,0.10793,0.0,8.56,0.0,0.52,54.4,2.7778,5.0,384.0,20.9,393.49,21.7
149,6.169,5.81,0.1415,0.0,6.91,0.0,0.448,6.6,5.7209,3.0,233.0,17.9,383.37,25.3
150,6.182,9.47,0.19802,0.0,10.59,0.0,0.489,42.4,3.9454,4.0,277.0,18.6,393.63,25.0
151,6.625,6.65,0.12204,0.0,2.89,0.0,0.445,57.8,3.4952,2.0,276.0,18.0,357.98,28.4
152,7.686,3.92,0.29819,0.0,6.2,0.0,0.504,17.0,3.3751,8.0,307.0,17.4,377.51,46.7
153,6.417,6.72,0.08826,0.0,10.81,0.0,0.413,6.6,5.2873,4.0,305.0,19.2,383.73,24.2
154,6.047,17.28,0.95577,0.0,8.14,0.0,0.538,88.8,4.4534,4.0,307.0,21.0,306.38,14.8
155,7.52,7.26,0.53412,20.0,3.97,0.0,0.647,89.4,2.1398,5.0,264.0,13.0,388.37,43.1
156,6.635,4.54,0.49298,0.0,9.9,0.0,0.544,82.5,3.3175,4.0,304.0,18.4,396.9,22.8
157,6.487,5.9,0.1403,22.0,5.86,0.0,0.431,13.0,7.3967,7.0,330.0,19.1,396.28,24.4
158,7.287,4.08,0.04011,80.0,1.52,0.0,0.404,34.1,7.309,2.0,329.0,12.6,396.9,33.3
159,6.438,3.59,0.21409,22.0,5.86,0.0,0.431,8.9,7.3967,7.0,330.0,19.1,377.07,24.8
160,5.277,30.81,16.8118,0.0,18.1,0.0,0.7,98.1,1.4261,24.0,666.0,20.2,396.9,7.2
161,5.961,9.88,0.15876,0.0,10.81,0.0,0.413,17.5,5.2873,4.0,305.0,19.2,376.94,21.7
162,6.297,17.27,5.09017,0.0,18.1,0.0,0.713,91.8,2.3682,24.0,666.0,20.2,385.09,16.1
163,6.142,18.72,1.23247,0.0,8.14,0.0,0.538,91.7,3.9769,4.0,307.0,21.0,396.9,15.2
164,6.211,6.21,0.02875,28.0,15.04,0.0,0.464,28.9,3.6659,4.0,270.0,18.2,396.33,25.0
165,6.144,9.45,0.06888,0.0,2.46,0.0,0.488,62.2,2.5979,3.0,193.0,17.8,396.9,36.2
166,6.081,14.7,6.80117,0.0,18.1,0.0,0.713,84.4,2.7175,24.0,666.0,20.2,396.9,20.0
167,8.266,4.14,0.31533,0.0,6.2,0.0,0.504,78.3,2.8944,8.0,307.0,17.4,385.05,44.8
168,5.709,15.79,2.14918,0.0,19.58,0.0,0.871,98.5,1.6232,5.0,403.0,14.7,261.95,19.4
169,5.349,19.77,24.8017,0.0,18.1,0.0,0.693,96.0,1.7028,24.0,666.0,20.2,396.9,8.3
170,6.616,8.93,0.05479,33.0,2.18,0.0,0.472,58.1,3.37,7.0,222.0,18.4,393.36,28.4
171,6.014,10.53,0.03113,0.0,4.39,0.0,0.442,48.5,8.0136,3.0,352.0,18.8,385.64,17.5
172,5.976,19.01,4.66883,0.0,18.1,0.0,0.713,87.9,2.5806,24.0,666.0,20.2,10.48,12.7
173,6.245,7.54,0.19539,0.0,10.81,0.0,0.413,6.2,5.2873,4.0,305.0,19.2,377.17,23.4
174,6.122,14.1,1.6566,0.0,19.58,0.0,0.871,97.3,1.618,5.0,403.0,14.7,372.8,21.5
175,6.012,12.43,0.08829,12.5,7.87,0.0,0.524,66.6,5.5605,5.0,311.0,15.2,395.6,22.9
176,6.556,4.56,0.12579,45.0,3.44,0.0,0.437,29.1,4.5667,5.0,398.0,15.2,382.84,29.8
177,6.842,6.9,0.65665,20.0,3.97,0.0,0.647,100.0,2.0107,5.0,264.0,13.0,391.93,30.1
178,6.812,4.85,0.21038,20.0,3.33,0.0,0.4429,32.2,4.1007,5.0,216.0,14.9,396.9,35.1
179,6.229,13.11,14.3337,0.0,18.1,0.0,0.614,88.0,1.9512,24.0,666.0,20.2,383.32,21.4
180,6.302,6.72,0.03659,25.0,4.86,0.0,0.426,32.2,5.4007,4.0,281.0,19.0,396.9,24.8
181,7.274,6.62,0.03768,80.0,1.52,0.0,0.404,38.3,7.309,2.0,329.0,12.6,392.2,34.6
182,6.315,7.6,0.0459,52.5,5.32,0.0,0.405,45.6,7.3172,6.0,293.0,16.6,396.9,22.3
183,6.406,19.52,9.72418,0.0,18.1,0.0,0.74,97.2,2.0651,24.0,666.0,20.2,385.96,17.1
184,6.794,21.24,9.82349,0.0,18.1,0.0,0.671,98.8,1.358,24.0,666.0,20.2,396.9,13.3
185,6.727,5.29,0.04113,25.0,4.86,0.0,0.426,33.5,5.4007,4.0,281.0,19.0,396.9,28.0
186,4.88,30.62,14.3337,0.0,18.1,0.0,0.7,100.0,1.5895,24.0,666.0,20.2,372.92,10.2
187,6.824,22.74,11.8123,0.0,18.1,0.0,0.718,76.5,1.794,24.0,666.0,20.2,48.45,8.4
188,6.854,2.98,0.09604,40.0,6.41,0.0,0.447,42.8,4.2673,4.0,254.0,17.6,396.9,32.0
189,6.358,11.22,0.1029,30.0,4.93,0.0,0.428,52.9,7.0355,6.0,300.0,16.6,372.75,22.2
190,7.333,7.79,0.66351,20.0,3.97,0.0,0.647,100.0,1.8946,5.0,264.0,13.0,383.29,36.0
191,6.004,14.27,0.07165,0.0,25.65,0.0,0.581,84.1,2.1974,2.0,188.0,19.1,377.67,20.3
192,5.272,16.14,2.44668,0.0,19.58,0.0,0.871,94.0,1.7364,5.0,403.0,14.7,88.63,13.1
193,5.926,18.13,15.5757,0.0,18.1,0.0,0.58,71.0,2.9084,24.0,666.0,20.2,368.74,19.1
194,5.935,34.02,13.6781,0.0,18.1,0.0,0.74,87.9,1.8206,24.0,666.0,20.2,68.95,8.4
195,5.871,13.34,2.37857,0.0,18.1,0.0,0.583,41.9,3.724,24.0,666.0,20.2,370.73,20.6
196,6.004,17.1,0.17004,12.5,7.87,0.0,0.524,85.9,6.5921,5.0,311.0,15.2,386.71,18.9
197,6.212,17.6,8.98296,0.0,18.1,1.0,0.77,97.4,2.1222,24.0,666.0,20.2,377.73,17.8
198,5.972,9.97,0.3494,0.0,9.9,0.0,0.544,76.7,3.1025,4.0,304.0,18.4,396.24,20.3
199,5.093,29.68,0.20746,0.0,27.74,0.0,0.609,98.0,1.8226,4.0,711.0,20.1,318.43,8.1
200,6.485,18.85,9.96654,0.0,18.1,0.0,0.74,100.0,1.9784,24.0,666.0,20.2,386.73,15.4
201,6.127,8.58,0.08265,0.0,13.92,0.0,0.437,18.4,5.5027,4.0,289.0,16.0,396.9,23.9
202,7.393,16.74,8.24809,0.0,18.1,0.0,0.713,99.3,2.4527,24.0,666.0,20.2,375.87,17.8
203,6.552,3.76,0.44178,0.0,6.2,0.0,0.504,21.4,3.3751,8.0,307.0,17.4,380.34,31.5
204,5.868,9.97,0.06617,0.0,3.24,0.0,0.46,25.8,5.2146,4.0,430.0,16.9,382.44,19.3
205,6.75,7.74,5.70818,0.0,18.1,0.0,0.532,74.9,3.3317,24.0,666.0,20.2,393.07,23.7
206,5.822,15.03,0.32982,0.0,21.89,0.0,0.624,95.4,2.4699,4.0,437.0,21.2,388.69,18.4
207,5.628,16.65,2.15505,0.0,19.58,0.0,0.871,100.0,1.5166,5.0,403.0,14.7,169.27,15.6
208,6.8,5.03,0.02187,60.0,2.93,0.0,0.401,9.9,6.2196,1.0,265.0,15.6,393.37,31.1
209,6.375,9.38,0.14052,0.0,10.59,0.0,0.489,32.3,3.9454,4.0,277.0,18.6,385.81,28.1
210,7.236,6.93,0.05515,33.0,2.18,0.0,0.472,41.1,4.022,7.0,222.0,18.4,393.68,36.1
211,5.869,9.8,0.03427,0.0,5.19,0.0,0.515,46.3,5.2311,5.0,224.0,20.2,396.9,19.5
212,6.897,11.38,0.11329,30.0,4.93,0.0,0.428,54.3,6.3361,6.0,300.0,16.6,391.25,22.0
213,8.78,5.29,3.47428,0.0,18.1,1.0,0.718,82.9,1.9047,24.0,666.0,20.2,354.55,21.9
214,6.975,4.56,0.0315,95.0,1.47,0.0,0.403,15.3,7.6534,3.0,402.0,17.0,396.9,34.9
215,5.713,17.11,6.96215,0.0,18.1,0.0,0.7,97.0,1.9265,24.0,666.0,20.2,394.43,15.1
216,6.454,14.59,0.35233,0.0,21.89,0.0,0.624,98.4,1.8498,4.0,437.0,21.2,394.08,17.1
217,6.481,6.36,0.08244,30.0,4.93,0.0,0.428,18.5,6.1899,6.0,300.0,16.6,379.41,23.7
218,5.933,9.68,0.06417,0.0,5.96,0.0,0.499,68.2,3.3603,5.0,279.0,19.2,396.9,18.9
219,6.431,15.39,0.32543,0.0,21.89,0.0,0.624,98.8,1.8125,4.0,437.0,21.2,396.9,18.0
220,6.167,16.29,4.34879,0.0,18.1,0.0,0.58,84.0,3.0334,24.0,666.0,20.2,396.9,19.9
221,5.594,13.09,0.13554,12.5,6.07,0.0,0.409,36.8,6.498,4.0,345.0,18.9,396.9,17.4
222,6.762,9.5,0.1265,25.0,5.13,0.0,0.453,43.4,7.9809,8.0,284.0,19.7,395.58,25.0
223,5.879,17.58,0.09849,0.0,25.65,0.0,0.581,95.8,2.0063,2.0,188.0,19.1,379.38,18.8
224,6.781,7.67,0.11432,0.0,8.56,0.0,0.52,71.3,2.8561,5.0,384.0,20.9,395.58,26.5
225,6.319,11.1,2.3004,0.0,19.58,0.0,0.605,96.1,2.1,5.0,403.0,14.7,297.09,23.8
226,5.924,16.3,0.75026,0.0,8.14,0.0,0.538,94.1,4.3996,4.0,307.0,21.0,394.33,15.6
227,6.122,5.98,0.79041,0.0,9.9,0.0,0.544,52.8,2.6403,4.0,304.0,18.4,396.9,22.1
228,6.456,6.73,0.11027,25.0,5.13,0.0,0.453,67.8,7.2255,8.0,284.0,19.7,396.9,22.2
229,7.358,4.73,0.51183,0.0,6.2,0.0,0.507,71.6,4.148,8.0,307.0,17.4,390.07,31.5
230,5.427,18.14,8.05579,0.0,18.1,0.0,0.584,95.4,2.4298,24.0,666.0,20.2,352.58,13.8
231,6.072,13.04,1.35472,0.0,8.14,0.0,0.538,100.0,4.175,4.0,307.0,21.0,376.73,14.5
232,4.652,28.28,24.3938,0.0,18.1,0.0,0.7,100.0,1.4672,24.0,666.0,20.2,396.9,10.5
233,6.185,18.13,9.32909,0.0,18.1,0.0,0.713,98.7,2.2616,24.0,666.0,20.2,396.9,14.1
234,6.968,17.21,88.9762,0.0,18.1,0.0,0.671,91.9,1.4165,24.0,666.0,20.2,396.9,10.4
235,5.836,18.66,0.1712,0.0,8.56,0.0,0.52,91.9,2.211,5.0,384.0,20.9,395.67,19.5
236,6.051,18.76,5.29305,0.0,18.1,0.0,0.7,82.5,2.1678,24.0,666.0,20.2,378.38,23.2
237,6.696,7.18,0.02543,55.0,3.78,0.0,0.484,56.4,5.7321,5.0,370.0,17.6,396.9,23.9
238,5.857,21.32,0.2498,0.0,21.89,0.0,0.624,98.2,1.6686,4.0,437.0,21.2,392.04,13.3
239,6.172,19.15,0.14455,12.5,7.87,0.0,0.524,96.1,5.9505,5.0,311.0,15.2,396.9,27.1
240,6.383,5.77,0.02055,85.0,0.74,0.0,0.41,35.7,9.1876,2.0,313.0,17.3,396.9,24.7
241,5.648,14.1,12.0482,0.0,18.1,0.0,0.614,87.6,1.9512,24.0,666.0,20.2,291.55,20.8
242,8.04,3.13,0.38214,0.0,6.2,0.0,0.504,86.5,3.2157,8.0,307.0,17.4,387.38,37.6
243,6.216,9.53,9.2323,0.0,18.1,0.0,0.631,100.0,1.1691,24.0,666.0,20.2,366.15,50.0
244,6.434,29.05,18.0846,0.0,18.1,0.0,0.679,100.0,1.8347,24.0,666.0,20.2,27.25,7.2
245,6.031,7.83,0.03466,35.0,6.06,0.0,0.4379,23.3,6.6407,1.0,304.0,16.9,362.25,19.4
246,6.162,7.43,0.03445,82.5,2.03,0.0,0.415,38.4,6.27,2.0,348.0,14.7,393.77,24.1
247,5.605,18.46,0.19133,22.0,5.86,0.0,0.431,70.2,7.9549,7.0,330.0,19.1,389.13,18.5
248,6.649,23.24,15.288,0.0,18.1,0.0,0.671,93.3,1.3449,24.0,666.0,20.2,363.02,13.9
249,5.757,17.31,0.97617,0.0,21.89,0.0,0.624,98.4,2.346,4.0,437.0,21.2,262.76,15.6
250,6.114,14.98,5.69175,0.0,18.1,0.0,0.583,79.8,3.5459,24.0,666.0,20.2,392.68,19.1
251,6.13,27.8,2.37934,0.0,19.58,0.0,0.871,100.0,1.4191,5.0,403.0,14.7,172.91,13.8
252,6.98,11.66,4.64689,0.0,18.1,0.0,0.614,67.6,2.5329,24.0,666.0,20.2,374.68,29.8
253,6.279,11.97,0.10153,0.0,12.83,0.0,0.437,74.5,4.0522,5.0,398.0,18.7,373.66,20.0
254,7.923,3.16,0.01501,90.0,1.21,1.0,0.401,24.8,5.885,1.0,198.0,13.6,395.52,50.0
255,6.193,21.52,7.36711,0.0,18.1,0.0,0.679,78.1,1.9356,24.0,666.0,20.2,96.73,11.0
256,5.851,16.47,0.13262,0.0,8.56,0.0,0.52,96.7,2.1069,5.0,384.0,20.9,394.05,19.5
257,6.021,10.3,0.15098,0.0,10.01,0.0,0.547,82.6,2.7474,6.0,432.0,17.8,394.51,19.2
258,6.579,5.49,0.0795,60.0,1.69,0.0,0.411,35.9,10.7103,4.0,411.0,18.3,370.78,24.1
259,5.95,27.71,1.38799,0.0,8.14,0.0,0.538,82.0,3.99,4.0,307.0,21.0,232.6,13.2
260,6.009,10.4,0.08199,0.0,13.92,0.0,0.437,42.3,5.5027,4.0,289.0,16.0,396.9,21.7
261,4.97,3.26,4.89822,0.0,18.1,0.0,0.631,100.0,1.3325,24.0,666.0,20.2,375.52,50.0
262,6.426,7.2,0.1676,0.0,7.38,0.0,0.493,52.3,4.5404,5.0,287.0,19.6,396.9,23.8
263,5.56,10.45,0.76162,20.0,3.97,0.0,0.647,62.8,1.9865,5.0,264.0,13.0,392.4,22.8
264,6.301,16.23,7.75223,0.0,18.1,0.0,0.713,83.7,2.7831,24.0,666.0,20.2,272.21,14.9
265,5.856,13.0,0.29916,20.0,6.96,0.0,0.464,42.1,4.429,3.0,223.0,18.6,388.65,21.1
266,5.952,17.15,3.77498,0.0,18.1,0.0,0.655,84.7,2.8715,24.0,666.0,20.2,22.01,19.0
267,7.929,3.7,2.01019,0.0,19.58,0.0,0.605,96.2,2.0459,5.0,403.0,14.7,369.3,50.0
268,6.069,9.55,0.12269,0.0,6.91,0.0,0.448,40.0,5.7209,3.0,233.0,17.9,389.39,21.2
269,5.99,14.67,0.7842,0.0,8.14,0.0,0.538,81.7,4.2579,4.0,307.0,21.0,386.75,17.5
270,5.885,8.79,0.12816,12.5,6.07,0.0,0.409,33.0,6.498,4.0,345.0,18.9,396.9,20.9
271,6.31,6.75,0.03738,0.0,5.19,0.0,0.515,38.5,6.4584,5.0,224.0,20.2,389.4,20.7
272,5.569,15.1,0.17783,0.0,9.69,0.0,0.585,73.5,2.3999,6.0,391.0,19.2,395.77,17.5
273,5.344,23.09,0.43571,0.0,10.59,1.0,0.489,100.0,3.875,4.0,277.0,18.6,396.9,20.0
274,5.875,8.88,8.26725,0.0,18.1,1.0,0.668,89.6,1.1296,24.0,666.0,20.2,347.88,50.0
275,7.178,2.87,0.08664,45.0,3.44,0.0,0.437,26.3,6.4798,5.0,398.0,15.2,390.49,36.4
276,6.145,6.86,0.15445,25.0,5.13,0.0,0.453,29.2,7.8148,8.0,284.0,19.7,390.68,23.3
277,5.613,27.26,0.38735,0.0,25.65,0.0,0.581,95.6,1.7572,2.0,188.0,19.1,359.29,15.7
278,6.678,6.27,0.12932,0.0,13.92,0.0,0.437,31.1,5.9604,4.0,289.0,16.0,396.9,28.6
279,6.411,15.02,11.0874,0.0,18.1,0.0,0.718,100.0,1.8589,24.0,666.0,20.2,318.75,16.7
280,5.608,12.13,11.9511,0.0,18.1,0.0,0.659,100.0,1.2852,24.0,666.0,20.2,332.09,27.9
281,6.461,18.05,14.4208,0.0,18.1,0.0,0.74,93.3,2.0026,24.0,666.0,20.2,27.49,9.6
282,6.874,4.61,0.03049,55.0,3.78,0.0,0.484,28.1,6.4654,5.0,370.0,17.6,387.97,31.2
283,6.593,9.67,0.06263,0.0,11.93,0.0,0.573,69.1,2.4786,1.0,273.0,21.0,391.99,22.4
284,6.373,10.5,0.11425,0.0,13.89,1.0,0.55,92.4,3.3633,5.0,276.0,16.4,393.74,23.0
285,6.137,13.44,0.21161,0.0,8.56,0.0,0.52,87.4,2.7147,5.0,384.0,20.9,394.47,19.3
286,6.144,9.09,0.04544,0.0,3.24,0.0,0.46,32.2,5.8736,4.0,430.0,16.9,368.57,19.8
287,5.414,23.97,0.18337,0.0,27.74,0.0,0.609,98.3,1.7554,4.0,711.0,20.1,344.05,7.0
288,6.458,12.6,0.34006,0.0,21.89,0.0,0.624,98.9,2.1185,4.0,437.0,21.2,395.04,19.2
289,6.852,19.78,14.4383,0.0,18.1,0.0,0.597,100.0,1.4655,24.0,666.0,20.2,179.36,27.5
290,5.818,22.11,22.0511,0.0,18.1,0.0,0.74,92.4,1.8662,24.0,666.0,20.2,391.45,10.5
291,5.983,13.35,0.11132,0.0,27.74,0.0,0.609,83.5,2.1099,4.0,711.0,20.1,396.9,20.1
292,6.377,20.45,0.22489,12.5,7.87,0.0,0.524,94.3,6.3467,5.0,311.0,15.2,392.52,15.0
293,6.549,7.39,0.05372,0.0,13.92,0.0,0.437,51.0,5.9604,4.0,289.0,16.0,392.85,27.1
294,6.037,8.01,0.03961,0.0,5.19,0.0,0.515,34.5,5.9853,5.0,224.0,20.2,396.9,21.1
295,5.759,14.13,3.1636,0.0,18.1,0.0,0.655,48.2,3.0665,24.0,666.0,20.2,334.4,19.9
296,7.206,8.1,0.55007,20.0,3.97,0.0,0.647,91.6,1.9301,5.0,264.0,13.0,387.89,36.5
297,5.983,18.07,0.10574,0.0,27.74,0.0,0.609,98.8,1.8681,4.0,711.0,20.1,390.11,13.6
298,5.942,16.9,0.32264,0.0,21.89,0.0,0.624,93.5,1.9669,4.0,437.0,21.2,378.25,17.4
299,6.127,14.09,0.13117,0.0,8.56,0.0,0.52,85.2,2.1224,5.0,384.0,20.9,387.69,20.4
300,6.095,12.4,0.10612,30.0,4.93,0.0,0.428,65.1,6.3361,6.0,300.0,16.6,394.62,20.1
301,6.538,7.73,0.1146,20.0,6.96,0.0,0.464,58.7,3.9175,3.0,223.0,18.6,394.96,24.4
302,6.495,8.67,0.09266,34.0,6.09,0.0,0.433,18.4,5.4917,7.0,329.0,16.1,383.61,26.4
303,5.966,14.44,0.17171,25.0,5.13,0.0,0.453,93.4,6.8185,8.0,284.0,19.7,378.08,16.0
304,6.127,11.48,5.20177,0.0,18.1,1.0,0.77,83.4,2.7227,24.0,666.0,20.2,395.43,22.7
305,6.77,4.84,0.12744,0.0,6.91,0.0,0.448,2.9,5.7209,3.0,233.0,17.9,385.41,26.6
306,6.749,17.44,6.71772,0.0,18.1,0.0,0.713,92.6,2.3236,24.0,666.0,20.2,0.32,13.4
307,5.79,15.84,0.14103,0.0,13.92,0.0,0.437,58.0,6.32,4.0,289.0,16.0,396.9,20.3
308,5.727,11.28,0.7258,0.0,8.14,0.0,0.538,69.5,3.7965,4.0,307.0,21.0,390.95,18.2
309,5.888,13.51,0.0456,0.0,13.89,1.0,0.55,56.0,3.1121,5.0,276.0,16.4,392.8,23.3
310,5.454,18.06,0.15086,0.0,27.74,0.0,0.609,92.7,1.8209,4.0,711.0,20.1,395.09,15.2
311,7.47,3.16,0.5405,20.0,3.97,0.0,0.575,52.6,2.872,5.0,264.0,13.0,390.3,43.5
312,5.856,25.41,0.15038,0.0,25.65,0.0,0.581,97.0,1.9444,2.0,188.0,19.1,370.31,17.3
313,5.403,26.82,3.32105,0.0,19.58,1.0,0.871,100.0,1.3216,5.0,403.0,14.7,396.9,13.4
314,5.57,21.02,1.25179,0.0,8.14,0.0,0.538,98.1,3.7979,4.0,307.0,21.0,376.57,13.6
315,6.335,16.96,0.55778,0.0,21.89,0.0,0.624,98.2,2.1107,4.0,437.0,21.2,394.67,18.1
316,8.398,5.91,0.52014,20.0,3.97,0.0,0.647,91.5,2.2885,5.0,264.0,13.0,386.86,48.8
317,6.101,9.81,2.924,0.0,19.58,0.0,0.605,93.0,2.2834,5.0,403.0,14.7,240.16,25.0
318,8.725,4.63,0.52693,0.0,6.2,0.0,0.504,83.0,2.8944,8.0,307.0,17.4,382.0,50.0
319,6.618,7.6,0.6147,0.0,6.2,0.0,0.507,80.8,3.2721,8.0,307.0,17.4,396.9,30.1
320,5.412,29.55,0.28955,0.0,10.59,0.0,0.489,9.8,3.5875,4.0,277.0,18.6,348.93,23.7
321,5.757,10.11,51.1358,0.0,18.1,0.0,0.597,100.0,1.413,24.0,666.0,20.2,2.6,15.0
322,6.968,4.59,0.03705,20.0,3.33,0.0,0.4429,37.2,5.2447,5.0,216.0,14.9,392.23,35.4
323,6.317,13.99,6.65492,0.0,18.1,0.0,0.713,83.0,2.7344,24.0,666.0,20.2,396.9,19.5
324,6.232,12.34,0.05646,0.0,12.83,0.0,0.437,53.7,5.0141,5.0,398.0,18.7,386.4,21.2
325,5.895,10.56,0.03041,0.0,5.19,0.0,0.515,59.6,5.615,5.0,224.0,20.2,394.81,18.5
326,6.674,11.98,1.00245,0.0,8.14,0.0,0.538,87.3,4.239,4.0,307.0,21.0,380.23,21.0
327,6.484,18.68,4.87141,0.0,18.1,0.0,0.614,93.6,2.3053,24.0,666.0,20.2,396.21,16.7
328,6.152,15.02,3.53501,0.0,19.58,1.0,0.871,82.6,1.7455,5.0,403.0,14.7,88.01,15.6
329,6.083,12.79,0.24103,0.0,7.38,0.0,0.493,43.7,5.4159,5.0,287.0,19.6,396.9,22.2
330,6.545,21.08,15.8744,0.0,18.1,0.0,0.671,99.1,1.5192,24.0,666.0,20.2,396.9,10.9
331,5.713,14.76,13.0751,0.0,18.1,0.0,0.58,56.7,2.8237,24.0,666.0,20.2,396.9,20.1
332,6.115,9.43,0.04337,21.0,5.64,0.0,0.439,63.0,6.8147,4.0,243.0,16.8,393.97,20.5
333,5.854,11.64,2.24236,0.0,19.58,0.0,0.605,91.8,2.422,5.0,403.0,14.7,395.11,22.7
334,5.617,26.4,7.40389,0.0,18.1,0.0,0.597,97.9,1.4547,24.0,666.0,20.2,314.64,17.2
335,6.059,8.51,0.03306,0.0,5.19,0.0,0.515,37.3,4.8122,5.0,224.0,20.2,396.14,20.6
336,6.405,19.37,5.87205,0.0,18.1,0.0,0.693,96.0,1.6768,24.0,666.0,20.2,396.9,12.5
337,6.343,20.32,14.2362,0.0,18.1,0.0,0.693,100.0,1.5741,24.0,666.0,20.2,396.9,7.2
338,6.816,3.95,0.01432,100.0,1.32,0.0,0.411,40.5,8.3248,5.0,256.0,15.1,392.9,31.6
339,5.813,14.81,0.67191,0.0,8.14,0.0,0.538,90.3,4.682,4.0,307.0,21.0,376.88,16.6
340,6.726,8.05,0.44791,0.0,6.2,1.0,0.507,66.5,3.6519,8.0,307.0,17.4,360.2,29.0
341,5.604,13.98,0.08308,0.0,2.46,0.0,0.488,89.8,2.9879,3.0,193.0,17.8,391.0,26.4
342,6.513,10.29,5.82115,0.0,18.1,0.0,0.713,89.9,2.8016,24.0,666.0,20.2,393.82,20.2
343,6.389,9.62,0.05059,0.0,4.49,0.0,0.449,48.0,4.7794,3.0,247.0,18.5,396.9,23.9
344,6.758,3.53,0.05644,40.0,6.41,1.0,0.447,32.9,4.0776,4.0,254.0,17.6,396.9,32.4
345,6.957,3.53,0.08221,22.0,5.86,0.0,0.431,6.8,8.9067,7.0,330.0,19.1,386.09,29.6
346,5.783,18.06,0.25199,0.0,10.59,0.0,0.489,72.7,4.3549,4.0,277.0,18.6,389.43,22.5
347,6.151,18.46,0.54452,0.0,21.89,0.0,0.624,97.9,1.6687,4.0,437.0,21.2,396.9,17.8
348,8.247,3.95,0.33147,0.0,6.2,0.0,0.507,70.4,3.6519,8.0,307.0,17.4,378.95,48.3
349,7.203,9.59,0.54011,20.0,3.97,0.0,0.647,81.8,2.1121,5.0,264.0,13.0,392.8,33.8
350,6.718,6.56,0.19073,22.0,5.86,0.0,0.431,17.5,7.8265,7.0,330.0,19.1,393.74,26.2
351,7.249,4.81,0.01311,90.0,1.22,0.0,0.403,21.9,8.6966,5.0,226.0,17.9,395.93,35.4
352,6.629,23.27,11.1604,0.0,18.1,0.0,0.74,94.6,2.1247,24.0,666.0,20.2,109.85,13.4
353,3.561,7.12,4.55587,0.0,18.1,0.0,0.718,87.9,1.6132,24.0,666.0,20.2,354.7,27.5
354,8.337,2.47,0.57529,0.0,6.2,0.0,0.507,73.3,3.8384,8.0,307.0,17.4,385.91,41.7
355,6.229,12.87,4.03841,0.0,18.1,0.0,0.532,90.7,3.0993,24.0,666.0,20.2,395.33,19.6
356,5.787,10.24,0.04379,80.0,3.37,0.0,0.398,31.1,6.6115,4.0,337.0,16.1,396.9,19.4
357,6.38,24.08,9.33889,0.0,18.1,0.0,0.679,95.6,1.9682,24.0,666.0,20.2,60.72,9.5
358,5.985,9.74,0.05497,0.0,5.19,0.0,0.515,45.4,4.8122,5.0,224.0,20.2,396.9,19.0
359,6.112,12.67,4.26131,0.0,18.1,0.0,0.77,81.3,2.5091,24.0,666.0,20.2,390.74,22.6
360,6.372,11.12,0.59005,0.0,21.89,0.0,0.624,97.9,2.3274,4.0,437.0,21.2,385.76,23.0
361,6.316,5.68,0.05083,0.0,5.19,0.0,0.515,38.1,6.4584,5.0,224.0,20.2,389.71,22.2
362,6.436,16.22,5.58107,0.0,18.1,0.0,0.713,87.9,2.3158,24.0,666.0,20.2,100.19,14.3
363,6.471,17.12,8.71675,0.0,18.1,0.0,0.693,98.8,1.7257,24.0,666.0,20.2,391.98,13.1
364,4.519,36.98,45.7461,0.0,18.1,0.0,0.693,100.0,1.6582,24.0,666.0,20.2,88.27,7.0
365,6.728,4.5,0.01709,90.0,2.02,0.0,0.41,36.1,12.1265,5.0,187.0,17.0,384.46,30.1
366,6.51,7.39,1.42502,0.0,19.58,0.0,0.871,100.0,1.7659,5.0,403.0,14.7,364.31,23.3
367,4.628,34.37,18.811,0.0,18.1,0.0,0.597,100.0,1.5539,24.0,666.0,20.2,28.79,17.9
368,6.546,5.33,0.06664,0.0,4.05,0.0,0.51,33.1,3.1323,5.0,296.0,16.6,390.96,29.4
369,6.482,7.19,0.07978,40.0,6.41,0.0,0.447,32.1,4.1403,4.0,254.0,17.6,396.9,29.1
370,5.304,26.64,25.9406,0.0,18.1,0.0,0.679,89.1,1.6475,24.0,666.0,20.2,127.36,10.4
371,6.86,6.92,0.06642,0.0,4.05,0.0,0.51,74.4,2.9153,5.0,296.0,16.6,391.27,29.9
372,6.023,11.72,0.26169,0.0,9.9,0.0,0.544,90.4,2.834,4.0,304.0,18.4,396.3,19.4
373,7.412,5.25,0.46296,0.0,6.2,0.0,0.504,76.9,3.6715,8.0,307.0,17.4,376.14,31.7
374,5.968,9.29,0.06151,0.0,5.19,0.0,0.515,58.5,4.8122,5.0,224.0,20.2,396.9,18.7
375,6.425,12.03,6.44405,0.0,18.1,0.0,0.584,74.8,2.2004,24.0,666.0,20.2,97.95,16.1
376,6.341,17.79,6.28807,0.0,18.1,0.0,0.74,96.4,2.072,24.0,666.0,20.2,318.01,14.9
377,5.186,28.32,2.33099,0.0,19.58,0.0,0.871,93.8,1.5296,5.0,403.0,14.7,356.99,17.8
378,5.963,13.45,0.08873,21.0,5.64,0.0,0.439,45.7,6.8147,4.0,243.0,16.8,395.56,19.7
379,6.12,9.08,0.04527,0.0,11.93,0.0,0.573,76.7,2.2875,1.0,273.0,21.0,396.9,20.6
380,5.981,11.65,0.537,0.0,6.2,0.0,0.504,68.1,3.6715,8.0,307.0,17.4,378.35,24.3
381,6.459,23.98,10.6718,0.0,18.1,0.0,0.74,94.8,1.9879,24.0,666.0,20.2,43.06,11.8
382,5.572,14.69,0.13914,0.0,4.05,0.0,0.51,88.5,2.5961,5.0,296.0,16.6,396.9,23.1
383,5.813,19.88,0.98843,0.0,8.14,0.0,0.538,100.0,4.0952,4.0,307.0,21.0,394.54,14.5
384,6.782,25.79,10.8342,0.0,18.1,0.0,0.679,90.8,1.8195,24.0,666.0,20.2,21.57,7.5
385,6.086,10.88,0.33045,0.0,6.2,0.0,0.507,61.5,3.6519,8.0,307.0,17.4,376.75,24.0
386,6.326,12.26,1.19294,0.0,21.89,0.0,0.624,97.7,2.271,4.0,437.0,21.2,396.9,19.6
387,5.913,16.21,0.12329,0.0,10.01,0.0,0.547,92.9,2.3534,6.0,432.0,17.8,394.95,18.8
388,6.162,24.1,6.39312,0.0,18.1,0.0,0.584,97.4,2.206,24.0,666.0,20.2,302.76,13.3
389,6.348,17.64,8.49213,0.0,18.1,0.0,0.584,86.1,2.0527,24.0,666.0,20.2,83.45,14.5
390,6.03,18.8,0.22927,0.0,6.91,0.0,0.448,85.5,5.6894,3.0,233.0,17.9,392.74,16.6
391,6.511,5.28,0.0536,21.0,5.64,0.0,0.439,21.1,6.8147,4.0,243.0,16.8,396.9,25.0
392,6.009,13.27,0.11747,12.5,7.87,0.0,0.524,82.9,6.2267,5.0,311.0,15.2,396.9,18.9
393,5.875,14.43,1.20742,0.0,19.58,0.0,0.605,94.6,2.4259,5.0,403.0,14.7,292.29,17.4
394,5.854,23.79,12.8023,0.0,18.1,0.0,0.74,96.6,1.8956,24.0,666.0,20.2,240.52,10.8
395,5.874,9.1,0.08387,0.0,12.83,0.0,0.437,36.6,4.5026,5.0,398.0,18.7,396.06,20.3
396,6.442,8.16,0.04203,28.0,15.04,0.0,0.464,53.6,3.6659,4.0,270.0,18.2,395.01,22.9
397,6.525,18.13,4.75237,0.0,18.1,0.0,0.713,86.5,2.4358,24.0,666.0,20.2,50.92,14.1
398,6.998,2.94,0.03237,0.0,2.18,0.0,0.458,45.8,6.0622,3.0,222.0,18.7,394.63,33.4
399,5.794,14.1,0.26838,0.0,9.69,0.0,0.585,70.6,2.8927,6.0,391.0,19.2,396.9,18.3
400,7.416,6.19,0.0686,0.0,2.89,0.0,0.445,62.5,3.4952,2.0,276.0,18.0,396.9,33.2
401,6.567,9.28,0.3692,0.0,9.9,0.0,0.544,87.3,3.6023,4.0,304.0,18.4,395.69,23.8
402,7.079,5.7,0.05302,0.0,3.41,0.0,0.489,63.1,3.4145,2.0,270.0,17.8,396.06,28.7
403,7.148,3.56,0.07886,80.0,4.95,0.0,0.411,27.7,5.1167,4.0,245.0,19.2,396.9,37.3
404,6.113,12.73,0.47547,0.0,9.9,0.0,0.544,58.8,4.0019,4.0,304.0,18.4,396.23,21.0
405,5.96,17.27,0.17446,0.0,10.59,1.0,0.489,92.1,3.8771,4.0,277.0,18.6,393.25,21.7
406,6.108,6.57,0.04819,80.0,3.64,0.0,0.392,32.0,9.2203,1.0,315.0,16.4,392.89,21.9
407,6.421,9.14,0.02731,0.0,7.07,0.0,0.469,78.9,4.9671,2.0,242.0,17.8,396.9,21.6
408,6.976,5.64,0.06076,0.0,11.93,0.0,0.573,91.0,2.1675,1.0,273.0,21.0,396.9,23.9
409,5.986,14.81,0.16902,0.0,25.65,0.0,0.581,88.4,1.9929,2.0,188.0,19.1,385.02,21.4
410,6.495,12.8,0.77299,0.0,8.14,0.0,0.538,94.4,4.4547,4.0,307.0,21.0,387.94,18.4
411,7.107,8.61,0.04666,80.0,1.52,0.0,0.404,36.6,7.309,2.0,329.0,12.6,354.31,30.3
412,6.563,5.68,0.10008,0.0,2.46,0.0,0.488,95.6,2.847,3.0,193.0,17.8,396.9,32.5
413,6.251,14.19,3.83684,0.0,18.1,0.0,0.77,91.1,2.2955,24.0,666.0,20.2,350.65,19.9
414,5.531,27.38,41.5292,0.0,18.1,0.0,0.693,85.4,1.6074,24.0,666.0,20.2,329.46,8.5
415,7.016,2.96,6.53876,0.0,18.1,1.0,0.631,97.5,1.2024,24.0,666.0,20.2,392.05,50.0
416,5.876,9.25,0.03548,80.0,3.64,0.0,0.392,19.1,9.2203,1.0,315.0,16.4,395.18,20.9
417,5.87,14.37,0.06899,0.0,25.65,0.0,0.581,69.7,2.2577,2.0,188.0,19.1,389.15,22.0
418,5.837,15.69,12.2472,0.0,18.1,0.0,0.584,59.7,1.9976,24.0,666.0,20.2,24.65,10.2
419,6.604,4.38,0.01439,60.0,2.93,0.0,0.401,18.8,6.2196,1.0,265.0,15.6,376.7,29.1
420,5.889,15.71,0.09378,12.5,7.87,0.0,0.524,39.0,5.4509,5.0,311.0,15.2,390.5,21.7
421,5.927,9.22,0.10328,25.0,5.13,0.0,0.453,47.2,6.932,8.0,284.0,19.7,396.9,19.6
422,5.884,7.79,0.07244,60.0,1.69,0.0,0.411,18.5,10.7103,4.0,411.0,18.3,392.33,18.6
423,6.315,6.29,0.05425,0.0,4.05,0.0,0.51,73.4,3.3175,5.0,296.0,16.6,395.6,24.6
424,5.362,10.19,3.67822,0.0,18.1,0.0,0.77,96.2,2.1036,24.0,666.0,20.2,380.79,20.8
425,4.138,23.34,20.7162,0.0,18.1,0.0,0.659,100.0,1.1781,24.0,666.0,20.2,370.22,11.9
426,6.683,3.73,5.66998,0.0,18.1,1.0,0.631,96.8,1.3567,24.0,666.0,20.2,375.33,50.0
427,6.833,19.69,10.0623,0.0,18.1,0.0,0.584,94.3,2.0882,24.0,666.0,20.2,81.33,14.1
428,5.878,8.1,0.05789,12.5,6.07,0.0,0.409,21.4,6.498,4.0,345.0,18.9,396.21,22.0
429,8.069,4.21,0.12083,0.0,2.89,0.0,0.445,76.0,3.4952,2.0,276.0,18.0,396.9,38.7
430,6.635,5.99,0.01501,80.0,2.01,0.0,0.435,29.7,8.344,4.0,280.0,17.0,390.94,24.5
431,6.219,16.59,5.66637,0.0,18.1,0.0,0.74,100.0,2.0048,24.0,666.0,20.2,395.69,18.4
432,5.803,14.64,4.22239,0.0,18.1,1.0,0.77,89.0,1.9047,24.0,666.0,20.2,353.04,16.8
433,6.273,6.78,0.07896,0.0,12.83,0.0,0.437,6.0,4.2515,5.0,398.0,18.7,394.92,24.1
434,6.402,11.32,2.44953,0.0,19.58,0.0,0.605,95.2,2.2625,5.0,403.0,14.7,330.04,22.3
435,6.38,23.69,23.6482,0.0,18.1,0.0,0.671,96.2,1.3861,24.0,666.0,20.2,396.9,13.1
436,5.019,34.41,1.62864,0.0,21.89,0.0,0.624,100.0,1.4394,4.0,437.0,21.2,396.9,14.4
437,7.61,3.11,0.02177,82.5,2.03,0.0,0.415,15.7,6.27,2.0,348.0,14.7,395.38,42.3
438,7.041,4.74,0.05561,70.0,2.24,0.0,0.4,10.0,7.8278,5.0,358.0,14.8,371.58,29.0
439,8.259,3.54,0.36894,22.0,5.86,0.0,0.431,8.4,8.9067,7.0,330.0,19.1,396.9,42.8
440,6.02,10.11,0.07022,0.0,4.05,0.0,0.51,47.2,3.5549,5.0,296.0,16.6,393.23,23.2
441,5.887,16.35,13.3598,0.0,18.1,0.0,0.693,94.7,1.7821,24.0,666.0,20.2,396.9,12.7
442,5.155,20.08,28.6558,0.0,18.1,0.0,0.597,100.0,1.5894,24.0,666.0,20.2,210.97,16.3
443,6.167,7.51,0.03551,25.0,4.86,0.0,0.426,46.7,5.4007,4.0,281.0,19.0,390.64,22.9
444,6.23,12.93,0.01965,80.0,1.76,0.0,0.385,31.5,9.0892,1.0,241.0,18.2,341.6,20.1
445,5.841,11.41,0.09744,0.0,5.96,0.0,0.499,61.4,3.3779,5.0,279.0,19.2,377.56,20.0
446,5.898,12.67,0.06162,0.0,4.39,0.0,0.442,52.3,8.0136,3.0,352.0,18.8,364.61,17.2
447,6.59,9.5,0.03537,34.0,6.09,0.0,0.433,40.4,5.4917,7.0,329.0,16.1,395.75,22.0
448,7.155,4.82,0.09103,0.0,2.46,0.0,0.488,92.2,2.7006,3.0,193.0,17.8,394.12,37.9
449,6.405,8.2,0.03932,0.0,3.41,0.0,0.489,73.9,3.0921,2.0,270.0,17.8,393.55,22.0
450,6.951,5.1,0.09068,45.0,3.44,0.0,0.437,21.5,6.4798,5.0,398.0,15.2,377.68,37.0
451,6.871,6.07,0.04417,70.0,2.24,0.0,0.4,47.4,7.8278,5.0,358.0,14.8,390.86,24.8
452,6.185,18.03,10.233,0.0,18.1,0.0,0.614,96.7,2.1705,24.0,666.0,20.2,379.7,14.6
453,4.138,37.97,18.4982,0.0,18.1,0.0,0.668,100.0,1.137,24.0,666.0,20.2,396.9,13.8
454,5.936,5.57,0.10659,80.0,1.91,0.0,0.413,19.5,10.5857,4.0,334.0,22.0,376.04,20.6
455,7.691,6.58,0.22188,20.0,6.96,1.0,0.464,51.8,4.3665,3.0,223.0,18.6,390.77,35.2
456,7.185,4.03,0.02729,0.0,7.07,0.0,0.469,61.1,4.9671,2.0,242.0,17.8,392.83,34.7
457,5.693,17.19,0.25915,0.0,21.89,0.0,0.624,96.0,1.7883,4.0,437.0,21.2,392.11,16.2
458,6.595,4.32,0.02763,75.0,2.95,0.0,0.428,21.8,5.4011,3.0,252.0,18.3,395.63,30.8
459,6.516,6.36,0.0187,85.0,4.15,0.0,0.429,27.7,8.5353,4.0,351.0,17.9,392.43,23.1
460,7.147,5.33,0.06905,0.0,2.18,0.0,0.458,54.2,6.0622,3.0,222.0,18.7,396.9,36.2
461,6.43,5.21,0.02985,0.0,2.18,0.0,0.458,58.7,6.0622,3.0,222.0,18.7,394.12,28.7
462,6.164,21.46,0.40771,0.0,6.2,1.0,0.507,91.3,3.048,8.0,307.0,17.4,395.24,21.7
463,6.405,10.63,0.22876,0.0,8.56,0.0,0.52,85.4,2.7147,5.0,384.0,20.9,70.8,18.6
464,6.226,10.15,0.19657,22.0,5.86,0.0,0.431,79.2,8.0555,7.0,330.0,19.1,376.14,20.5
465,5.012,12.12,1.12658,0.0,19.58,1.0,0.871,88.0,1.6102,5.0,403.0,14.7,343.28,15.3
466,5.682,10.21,0.17142,0.0,6.91,0.0,0.448,33.8,5.1004,3.0,233.0,17.9,396.9,19.3
467,4.926,29.53,2.36862,0.0,19.58,0.0,0.871,95.7,1.4608,5.0,403.0,14.7,391.71,14.6
468,6.982,4.86,0.1,34.0,6.09,0.0,0.433,17.7,5.4917,7.0,329.0,16.1,390.43,33.1
469,5.468,26.42,4.0974,0.0,19.58,0.0,0.871,100.0,1.4118,5.0,403.0,14.7,396.9,15.6
470,5.399,30.81,0.25387,0.0,6.91,0.0,0.448,95.3,5.87,3.0,233.0,17.9,396.9,14.4
471,5.304,24.91,15.0234,0.0,18.1,0.0,0.614,97.3,2.1007,24.0,666.0,20.2,349.48,12.0
472,6.417,8.81,0.04684,0.0,3.41,0.0,0.489,66.1,3.0923,2.0,270.0,17.8,392.18,22.6
473,5.747,19.92,7.67202,0.0,18.1,0.0,0.693,98.9,1.6334,24.0,666.0,20.2,393.1,8.5
474,5.404,13.28,1.49632,0.0,19.58,0.0,0.871,100.0,1.5916,5.0,403.0,14.7,341.6,19.6
475,4.906,34.77,11.1081,0.0,18.1,0.0,0.668,100.0,1.1742,24.0,666.0,20.2,396.9,13.8
476,6.417,19.31,7.52601,0.0,18.1,0.0,0.713,98.3,2.185,24.0,666.0,20.2,304.21,13.0
477,5.88,12.03,2.3139,0.0,19.58,0.0,0.605,97.3,2.3887,5.0,403.0,14.7,348.13,19.1
478,6.431,5.08,0.19186,0.0,7.38,0.0,0.493,14.7,5.4159,5.0,287.0,19.6,393.68,24.6
479,5.961,17.93,0.09299,0.0,25.65,0.0,0.581,92.9,2.0869,2.0,188.0,19.1,378.09,20.5
480,6.003,21.32,4.42228,0.0,18.1,0.0,0.584,94.5,2.5403,24.0,666.0,20.2,331.29,19.1
481,5.705,11.5,0.25356,0.0,9.9,0.0,0.544,77.7,3.945,4.0,304.0,18.4,396.42,16.2
482,6.849,7.53,0.04932,33.0,2.18,0.0,0.472,70.3,3.1827,7.0,222.0,18.4,396.9,28.2
483,6.174,24.16,0.2909,0.0,21.89,0.0,0.624,93.6,1.6119,4.0,437.0,21.2,388.08,14.0
484,6.211,7.44,0.15936,0.0,6.91,0.0,0.448,6.5,5.7209,3.0,233.0,17.9,394.46,24.7
485,5.859,9.64,0.08447,0.0,4.05,0.0,0.51,68.7,2.7019,5.0,296.0,16.6,393.23,22.6
486,7.327,11.25,0.82526,20.0,3.97,0.0,0.647,94.5,2.0788,5.0,264.0,13.0,393.42,31.0
487,5.627,22.88,9.39063,0.0,18.1,0.0,0.74,93.9,1.8172,24.0,666.0,20.2,396.9,12.8
488,6.393,5.19,0.12757,30.0,4.93,0.0,0.428,7.8,7.0355,6.0,300.0,16.6,374.71,23.7
489,6.312,10.58,3.67367,0.0,18.1,0.0,0.583,51.9,3.9917,24.0,666.0,20.2,388.62,21.2
490,6.065,5.52,0.09164,0.0,10.81,0.0,0.413,7.8,5.2873,4.0,305.0,19.2,390.91,22.8
491,6.655,17.73,5.44114,0.0,18.1,0.0,0.713,98.2,2.3552,24.0,666.0,20.2,355.29,15.2
492,5.762,10.42,2.81838,0.0,18.1,0.0,0.532,40.3,4.0983,24.0,666.0,20.2,392.92,21.8
493,6.064,14.66,0.13587,0.0,10.59,1.0,0.489,59.1,4.2392,4.0,277.0,18.6,381.32,24.4
494,6.376,14.65,3.69311,0.0,18.1,0.0,0.713,88.4,2.5671,24.0,666.0,20.2,391.43,17.7
495,6.015,12.86,0.05188,0.0,4.49,0.0,0.449,45.1,4.4272,3.0,247.0,18.5,395.99,22.5
496,5.708,11.74,0.28392,0.0,7.38,0.0,0.493,74.3,4.7211,5.0,287.0,19.6,391.13,18.5
497,6.433,9.52,0.16439,22.0,5.86,0.0,0.431,49.1,7.8265,7.0,330.0,19.1,374.71,24.5
498,5.905,11.45,4.83567,0.0,18.1,0.0,0.583,53.2,3.1523,24.0,666.0,20.2,388.22,20.6
499,6.209,13.22,7.83932,0.0,18.1,0.0,0.655,65.4,2.9634,24.0,666.0,20.2,396.9,21.4
500,7.645,3.01,0.06129,20.0,3.33,1.0,0.4429,49.7,5.2119,5.0,216.0,14.9,377.07,46.0
501,6.382,10.36,0.40202,0.0,9.9,0.0,0.544,67.2,3.5325,4.0,304.0,18.4,395.21,23.1
502,5.891,10.87,0.13642,0.0,10.59,0.0,0.489,22.3,3.9454,4.0,277.0,18.6,396.9,22.6
503,5.834,8.47,0.62739,0.0,8.14,0.0,0.538,56.5,4.4986,4.0,307.0,21.0,395.62,19.9
504,5.67,17.6,0.17899,0.0,9.69,0.0,0.585,28.8,2.7986,6.0,391.0,19.2,393.29,23.1
505,6.223,21.78,17.8667,0.0,18.1,0.0,0.671,100.0,1.3861,24.0,666.0,20.2,393.74,10.2
